﻿<?xml version="1.0" encoding="utf-8" ?>
<Groups>
  <Group>
    <ID>179590995428478</ID>
    <Name>Bank of America</Name>
  </Group>
  <Group>
    <ID>1523528171220338</ID>
    <Name>Bank Of America Corporation</Name>
  </Group>
  <Group>
    <ID>114154481644</ID>
    <Name>Bank of America Chicago Marathon</Name>
  </Group>
  <Group>
    <ID>11465191261</ID>
    <Name>JPMorgan Chase Co.</Name>
  </Group>
  <Group>
    <ID>152789358067261</ID>
    <Name>Wells Fargo</Name>
  </Group>
  <Group>
    <ID>152431441489088</ID>
    <Name>Citi</Name>
  </Group>
  <Group>
    <ID>313163945066</ID>
    <Name>USBank</Name>
  </Group>
  <Group>
    <ID>164640996893077</ID>
    <Name>BNY Mellon</Name>
  </Group>
  <Group>
    <ID>224986157558341</ID>
    <Name>PNC Bank</Name>
  </Group>
  <Group>
    <ID>1508066482816745</ID>
    <Name>Investment Research on The PNC Financial Services Group Inc</Name>
  </Group>
</Groups>
